Azcapotzalco No 753 Bis,Los Reyes,Azcapotzalco
Nte 45 No 948,Industrial Vallejo,Azcapotzalco
Supermanzana 2 No s/n,Ex-Hacienda el Rosario,Azcapotzalco
Cuitlahuac No 235,Prohogar,Azcapotzalco
Universidad Zona Comercial No 3000,Universidad Nacional Autonoma de Mexico,Coyoacan
Veracruz No 270,Contadero,Cuajimalpa de Morelos
Moctezuma No 105,Aragon la Villa,Gustavo A. Madero
5 de Febrero No s/n,Villa Gustavo A. Madero,Gustavo A. Madero
Guadalupe Victoria No 8,Cuautepec de Madero,Gustavo A. Madero
Ticoman No 2249,Barrio Candelaria Ticoman,Gustavo A. Madero
Volcan Jorullo No 117,La Pradera,Gustavo A. Madero
2a Cda del Mercado No 6,Industrial,Gustavo A. Madero
661 No s/n,Narciso Bassols,Gustavo A. Madero
Sur 159 y Oriente 120 No 3,Ampliacion Gabriel Ramos Millon,Iztacalco
Ote 237 No s/n,Agricola Oriental,Iztacalco
Ermita Iztapalapa No 442,Cacama,Iztapalapa
Rt Niño Artillero No s/n,Ermita Zaragoza,Iztapalapa
Felipe Sanchez Martinez No 3 Y 4,Unidad Vicente Guerrero,Iztapalapa
55 No s/n,Santa Cruz Meyehualco,Iztapalapa
Ermita Iztapalapa No 4168,Santa Martha Acatitla,Iztapalapa
Ermita Iztapalapa No 1033,Ricardo Flores Magon,Iztapalapa
Cruz Verde No 54a,Cuauhtemoc,La Magdalena Contreras
Civica No s/n,Unidad Independencia IMSS,La Magdalena Contreras
Jose Moreno Salido No 20,Barranca Seca,La Magdalena Contreras
Nogales No 3,San Nicolas Totolapan,La Magdalena Contreras
Jalisco Ote No 54,Villa Milpa Alta Centro,Milpa Alta
Dr Galvez No 16,San Angel,Alvaro Obregon
Santa Lucia No Mz 32 Bis Lt 38,Molino de Santo Domingo,Alvaro Obregon
22 Esq. 17 No s/n,Preconcreto,Alvaro Obregon
Enrique Lombardo Esq San Rafael Atlixco No s/n,Santa Cecilia,Tlahuac
Independencia No 71 Loc 3,La Nopalera,Tlahuac
Juarez Esq Independencia No s/n,Los Reyes,Tlahuac
Insurgentes Sur No 4130,La Joya,Tlalpan
Izamal No 441 d,Torres de Padierna,Tlalpan
Canal de Miramontes No 7620,Narciso Mendoza,Tlalpan
Prol del Pino No 10,Barrio San Juan,Xochimilco
Peten No 50,Piedad Narvarte,Benito Juarez
Justina No 20,Nativitas,Benito Juarez
Montecitos Loc 30 - 6030 Sky Lobby Torre Corp No 38,Napoles,Benito Juarez
Revolucion No 1128,San Jose Insurgentes,Benito Juarez
Tacuba No 1,Centro (Area 1),Cuauhtemoc
Rt 2 de Abril Av Ingenieros Militares LOC. 12 No 30,Lomas de Sotelo,Miguel Hidalgo
Mar Mediterraneo No 54,Tacuba,Miguel Hidalgo
Leon Tolstoi No 23,Anzures,Miguel Hidalgo
Carlos B Zetina No s/n,Escandon I Seccion,Miguel Hidalgo
Ignacio Zaragoza No 561,General Ignacio Zaragoza,Venustiano Carranza
Capitan P.A. Carlos Leon No s/n,Mexico - Lic. Benito Juarez,Venustiano Carranza
Alberto Santos Dumont No s/n,Mexico - Lic. Benito Juarez,Venustiano Carranza
Hidalgo No 1,Acambay,Acambay de Ruiz Castañeda
16 de Septiembre No 1,San Agustin Acolman de Nezahualcoyotl,Acolman
Sor Juana No 24,Almoloya de Juarez Centro,Almoloya de Juarez
Hidalgo No 27,Amatepec,Amatepec
"5 de Febrero No 11",Sector Panohaya,Amecameca
Hidalgo No 1,Atlacomulco de Fabela,Atlacomulco
de La Constitucion No 1,Atlautla de Victoria,Atlautla
16 de Septiembre No 2a,San Francisco Coacalco (Cabecera Municipal),Coacalco de Berriozabal
Tulipan Y Mostajos No s/n,Villa de las Flores 1a Secc,Coacalco de Berriozabal
Vicente Guerrero No 57,Chalco de Diaz Covarrubias Centro,Chalco
Carr Mex-Texcoco Km 29 No s/n,San Vicente Chicoloapan de Juarez Centro,Chicoloapan
Basilio Cantabrana No 1,Chiconcuac de Juarez Centro,Chiconcuac
Paseo Hidalgo No 4,Santa Maria Chimalhuacan,Chimalhuacan
Tercera Cerrada de Allende No s/n,Doce de Diciembre,Ecatepec de Morelos
Gob Alfredo del Mazo No s/n,Granjas Valle de Guadalupe Secc A,Ecatepec de Morelos
Via Morelos Esq. Valvolin No Km 15,Santa Clara Coatitla,Ecatepec de Morelos
Central Mz 329 No Lt 30 Y 31,Ciudad Azteca Seccion Oriente,Ecatepec de Morelos
Jorobas No s/n,Huehuetoca,Huehuetoca
Camino Laurel No 1,Huixquilucan de Degollado Centro,Huixquilucan
Alvaro Obregon No s/n,Jesus Del Monte,Huixquilucan
16 de Septiembre No 403,Ixtapan de la Sal,Ixtapan de la Sal
Morelos No 9 Loc 5,Ixtlahuaca de Rayon,Ixtlahuaca
Lazaro Cardenas No 100,Jilotepec de Molina Enriquez,Jilotepec
Plaza de La Constitucion No s/n,Juchi,Juchitepec
Belisario dominguez No 3,La Mota,Lerma
Progreso No 102,Malinalco,Malinalco
Juarez Palacio Municipal No s/n,San Bartolo Naucalpan (naucalpan Centro),Naucalpan de Juarez
Medicos No 77,Ciudad Satelite,Naucalpan de Juarez
del Faisan No 64,Lomas Verdes 1a Seccion,Naucalpan de Juarez
Hda de La Gavia No s/n,Bosque de Echegaray,Naucalpan de Juarez
Emiliano Zapata Esq. Vereda No 15,Izcalli Chamapa,Naucalpan de Juarez
Rio Hondo No 77,Independencia,Naucalpan de Juarez
Sor Juana I de La Cruz N0 100,Metropolitana,Nezahualcoyotl
Chimalhuacan No 335,Aurora Primera Seccion (Benito Juarez),Nezahualcoyotl
Carmelo Perez No 461,Aurora Primera Seccion (Benito Juarez),Nezahualcoyotl
Juarez No 44,Benito Juarez 1a. Seccion (Cabecera Municipal),Nicolas Romero
Del Ferrocarril No 2,El Oro de Hidalgo,El Oro
Plaza de La Constitucion No 1,Otumba de Gomez Farias,Otumba
Nicolas Bravo P.A. Casa Ejidal No 2,Centro,Ozumba
Ignacio Aldama No 32,Los Reyes Acaquilpan Centro,La Paz
Juarez No 302,Villas de Metepec San Mateo,San Mateo Atenco
Madero No 1,Sultepec de Pedro Ascencio de Alquisiras,Sultepec
Albertano Reyes No s/n,Mexico 68,Tejupilco
Cuauhtemoc No 32,Bejucos de Sanchez Colin,Tejupilco
Alfredo del Mazo No 3 Loc 1,Temascalcingo de Jose Maria Velazco,Temascalcingo
Abasolo Norte No 300,Tenancingo de Degollado,Tenancingo
Narciso Basols No 104,Tenango de Arista,Tenango del Valle
"Matamoros No s/n",Tlatilco,Teoloyucan
Mariano de Arista No 1,San Juan Teotihuacan de Arista,Teotihuacan
Virreinal No s/n,Centro,Tepotzotlan
Iturbide No s/n,El Refugio,Tequixquiac
Juarez No 304,Texcoco de Mora Centro,Texcoco
Juan Aldama No 1,Santiago Tianguistenco de Galeana,Tianguistenco
Juarez No 8,Tlalmanalco,Tlalmanalco
Berriozabal No 8,Tlalnepantla Centro,Tlalnepantla de Baz
Tepochtli No s/n,Lazaro Cardenas 1ra. Seccion,Tlalnepantla de Baz
Flores No 2,Santa Ana Zicatecoyan,Tlatlaya
Gral. Franciso Villa Esq. Justo Corro No s/n,Los Reyes,Tultitlan
de Las Crisantemas No 15,Granjas de San Pablo,Tultitlan
Durango No 102,Valle de Bravo,Valle de Bravo
Oviedo Poniente No 27,Villa Guerrero,Villa Guerrero
Juarez No 1,San Francisco Xonacatlan de Vicencio,Xonacatlan
Melchor Ocampo No 30,Zacualpan,Zacualpan
16 de Septiembre, Jardin de la Constitucion,San Miguel Zinacantepec
Hidalgo No 68,San Miguel,Zumpango
Primero de Mayo No s/n,Cuautitlan Izcalli Centro,Cuautitlan Izcalli
Bosque de Bolognia No s/n,Bosques del Lago,Cuautitlan Izcalli
Emilio Zapata No s/n,San Isidro,Valle de Chalco Solidaridad
Pichardo Pagaza No 9,El Progreso de Luvianos,Luvianos
Tranquilino Elizondo No 73,Acatlan de Juarez,Acatlan de Juarez
Dr. Gonzalez Madrid No 11,Ahualulco de Mercado Centro,Ahualulco de Mercado
Ayuntamiento No 6,Amacueca,Amacueca
Morelos No 45,Ameca Centro,Ameca
Hidalgo Int. Mercado Municipal No 18,Antonio Escobedo,San Juanito de Escobedo
Vicente Guerrero No 85,Arandas Centro,Arandas
Javier Mina N 8,Atenguillo,Atenguillo
Unidad Administrativa Benito Juarez No s/n,Infonavit,Atotonilco el Alto
Javier Mina No 148,Autlan de Navarro Centro,Autlan de Navarro
Gonzalez Gallo No 195-1,Ayotlan,Ayotlan
Francisco I Madero No 19,La Barca Centro,La Barca
Pino Suarez No 3,Casimiro Castillo Centro,Casimiro Castillo
18 de Marzo No 6,Cihuatlan Centro,Cihuatlan
Clemente Orozco No 13,San Patricio,Cihuatlan
Silverio Nunez No 4,Ciudad Guzman Centro,Zapotlan el Grande
16 de Septiembre No 171-A,Cocula Centro,Cocula
Ramon Corona No 52-A,Colotlan Centro,Colotlan
Degollado No 323,Chapala Centro,Chapala
Oriente No 29-A,Ajijic Centro,Chapala
Abasolo No 45-B,Degollado,Degollado
Zuniga No 13,Encarnacion de diaz,Encarnacion de Diaz
"Mercado Municipal No 211",Etzatlan Centro,Etzatlan
Alvaro Obregon No 48,El Grullo Centro,El Grullo
Reforma No 1,Guachinango,Guachinango
Venustiano Carranza e Independencia No 57,Guadalajara Centro,Guadalajara
Independencia Nte No 3295,Ricardo Flores Magon Poniente,Guadalajara
Circunvalacion No 470,Villas de San Juan 1a Secc,Guadalajara
21 de Marzo No 3133,Margarita Maza de Juarez,Guadalajara
Pedro Maria Anaya No 1031,San Felipe de Jesus,Guadalajara
Mandarina No 12-A,Mercado de Abastos,Guadalajara
Juan Manuel Diaz No 1496,Santa Teresita,Guadalajara
Maria Guadalupe Hernandez Loza No s/n,Heliodoro Hernandez Loza 1a Secc,Guadalajara
Pablo Valdez No 3401,Libertador Miguel Hidalgo,Guadalajara
San Andres Esq. Chamizal No s/n,San Andres,Guadalajara
Gonzales Gallo No 3000,El Mirador Alamo,Guadalajara
Carabelas No 1654,Colon,Guadalajara
Niquel No 4101,Zona Industrial,Guadalajara
Jesus Reyes Heroles No 89,Villa Vicente Guerrero,Guadalajara
Melchor Ocampo No 17,Huejucar,Huejucar
Morelos No 2,Huejuquilla El Alto Centro,Huejuquilla el Alto
Francisco I. Madero No 12,La Huerta,La Huerta
Aguilillas No 15-C,Rinconada las Aguilillas,Ixtlahuacan de los Membrillos
Republica No 2,Ixtlahuacan del Rio,Ixtlahuacan del Rio
Juarez No 52,Jamay Centro,Jamay
Hidalgo No 40,Jocotepec Centro,Jocotepec
Francisco Gonzalez Leon No 2,Lagos de Moreno Centro,Lagos de Moreno
Hidalgo No 20,El Limon,El Limon
Hidalgo Oriente No 146,Magdalena Centro,Magdalena
Independencia No 156,Mascota,Mascota
Morelos No 1,Mexticacan,Mexticacan
Luis Moya No 132,Ocotlan Centro,Ocotlan
Pino Suarez No 1a,Ojuelos de Jalisco,Ojuelos de Jalisco
Zaragoza No 80,Poncitlan Centro,Poncitlan
5 de Mayo No 308,Pitillal Centro,Puerto Vallarta
Colombia No 1014,5 de diciembre,Puerto Vallarta
5 de mayo No 13,El Salto Centro,El Salto
Valentin Gomez Farias No 8,Espiritu Santo,San Juan de los Lagos
"Iturbide Poniente No 29",San Julian Centro,San Julian
General Ramirez No 76,San Miguel El Alto Centro,San Miguel el Alto
Antonio Valdez No 3,Santa Maria de Los Angeles,Santa Maria de los Angeles
Juarez No 87,Sayula Centro,Sayula
Ramon Corona No 22,Tala Centro,Tala
Colima No 32,Talpa de Allende Centro,Talpa de Allende
Morelos No 43,Tamazula de Gordiano Centro,Tamazula de Gordiano
Luis Enrique Bracamontes No 152,Tapalpa,Tapalpa
Alvaro Obregon No 36,Tecolotlan,Tecolotlan
Plaza Principal No 24,Teocaltiche Centro,Teocaltiche
"Guadarrama No 17, Mdo. Municipal,Teocuitatlan de Corona
Alvaro Obregon No 63,Tepatitlan de Morelos Centro,Tepatitlan de Morelos
Juarez No 4,Tequila Centro,Tequila
Mariano Escobedo No 85,Tlajomulco de Zuniga,Tlajomulco de Zuniga
De la Solidaridad Iberoamericana No s/n,Guadalajara (Miguel Hidalgo y Costilla),Tlajomulco de Zuniga
Guillermo Prieto No 80,Tlaquepaque Centro,San Pedro Tlaquepaque
San Pedro No 4841,Las Juntas,San Pedro Tlaquepaque
Colon No 4,Santa Anita,San Pedro Tlaquepaque
Berriozabal No 198,Tomatlan,Tomatlan
Morelos No 180,Tonala Centro,Tonala
Atotonilco el Alto No 3,Jalisco 1a. Seccion,Tonala
Loma Chica Sur No 7856,Loma Dorada Secc A,Tonala
Hidalgo No 186,Tonaya,Tonaya
Javier Mina No 6,Tonila,Tonila
Hidalgo No 47,Totatiche,Totatiche
Juarez No 6-D,Tuxpan Centro,Tuxpan
Nuevo Leon No 30,Union de Tula,Union de Tula
Manuel Michel No 13,San Gabriel,San Gabriel
"Pino Suarez No 9, Mdo. Municipal ,Villa Guerrero
Gonzalez Gallo No 57,Yahualica de Gonzalez Gallo Centro,Yahualica de Gonzalez Gallo
Leandro Valle No 38,Zacoalco de Torres Centro,Zacoalco de Torres
Circunvalacin Oriente No 157,Ciudad Granjas,Zapopan
Tepeyac N 802,Chapalita Oriente,Zapopan
Lopez Mateos Sur No 5100,Las Aguilas,Zapopan
Moctezuma No 88,Zapopan Centro,Zapopan
de La Mancha No 254,Altagracia,Zapopan
La Tuzania No s/n",Tuzania,Zapopan
Luis M. Rojas No 3640,La Palmita,Zapopan
Ninos Heroes No 12-A,Atemajac Del Valle,Zapopan
Jalisco No 50,San Francisco Tesistan,Zapopan
Hidalgo Poniente No 100,Zapotiltic Centro,Zapotiltic
"Cto. Com. Plaza,Zapotlanejo,Zapotlanejo
Las Fuentes No 121,Centro,Acambaro
Del Correo No 16,San Miguel de Allende Centro,San Miguel de Allende
Jardin Hidalgo No 109 A,Apaseo El Grande Centro,Apaseo el Grande
Benito Juarez No 305,Celaya Centro,Celaya
Maria Curie No 116,Comonfort Centro,Comonfort
Martires de Tacubaya No 125-A,Cortazar Centro,Cortazar
Morelos No 115-A,Cueramaro Centro,Cueramaro
Puebla No 22,Ciudad Dolores Hidalgo,Dolores Hidalgo Cuna de la Independencia Nacional
Ayuntamiento No 25,Guanajuato Centro,Guanajuato
Guanajuato No 100,Nuevo Guanajuato,Guanajuato
Mineral de Valenciana No 2,Marfil,Guanajuato
Revolucion No 370,Irapuato Centro,Irapuato
Encinos No 20,Del Bosque,Irapuato
Tomate No 205 B,Jaral del Progreso,Jaral del Progreso
Aguilar Y Maya No 16,Jeracuaro Centro,Jeracuaro
5 de Mayo Esq Alvaro Obregon No 201,Centro,Leon
Farallon No 107,Jardines Del Moral,Leon
Tepeyac No 205,Lindavista,Leon
Nicaragua No 304,Arbide,Leon
Perla No 404,Guadalupe,Leon
Pipila No 1117,Moroleon Centro,Moroleon
Guerrero No 18,Penjamo Centro,Penjamo
Morelos Esq Pasajero No 401,Salamanca Centro,Salamanca
Juarez No 121,Salvatierra Centro,Salvatierra
Ayuntamiento No 108,San Felipe,San Felipe
Dr J Jesus Gonzalez No 102,San Francisco del Rincon Centro,San Francisco del Rincon
Morelos No 106,San Luis de La Paz Centro,San Luis de la Paz
Portal Ramon Lopez Velarde No 110,Juventino Rosas,Santa Cruz de Juventino Rosas
Guadalupe No 3-C,Silao Centro,Silao de la Victoria
Juarez No 4,Tarandacuao Centro,Tarandacuao
Zagadoza No 25,Tarimoro,Tarimoro
Pasaje Lerdo de Tejada No 4,Uriangato Centro,Uriangato
Mena No 177,Valle de Santiago Centro,Valle de Santiago
Constitucion No 205 A,Villagran Centro,Villagran
Dalia No 2-D,Yuriria Centro,Yuriria
Lazaro Cardenas No 24,Calera,Yuriria
Roberto Koch Esq. Lazaro Cardenas No s/n,La Pena,Asuncion Nochixtlan
"Guadalupe Victoria No 128",Estacion,Ciudad Ixtepec
San Jose No 6,Cosolapa Centro,Cosolapa
Cuauhtemoc No 5,Huautla de Jimenez,Huautla de Jimenez
Venustiano Carranza No 4,San Pedro,Ixtlan de Juarez
Hidalgo No 60-A 2a Seccion,Heroica Ciudad de Juchitan, Zaragoza
Hidalgo No 20,Loma Bonita Centro,Loma Bonita
16 de Septiembre No 7,Mariscala de Juarez Centro,Mariscala de Juarez
16 de Septiembre No 303,Matias Romero Centro,Matias Romero Avandaro
Melchor Ocampo No 100,Miahuatlan de Porfirio Diaz Centro,Miahuatlan de Porfirio Diaz
Benito Juarez Esq. Rodolfo Morales No s/n,Ocotlan de Morelos Centro,Ocotlan de Morelos
Veracruz No 103,Putla de Guerrero Centro,Putla Villa de Guerrero
Tampico No 17,Espinal,Salina Cruz
Jesus Carranza No 669,Tuxtepec Centro,San Juan Bautista Tuxtepec
Reforma Int. Mercado Municipal Villa Sola de Vega No 1,Villa Sola de Vega Centro,Villa Sola de Vega
Independencia No 1,San Pablo Villa de Mitla Centro,San Pablo Villa de Mitla
Septima Norte No 101,Puerto Escondido Centro,San Pedro Mixtepec -Dto. 22 -
Lazaro Cardenas No 85,Seccion 1a,San Pedro Pochutla
Mexico No 500,Tepeyac,Villa de Tututepec
5 de Febrero No 2,Villa de Etla,Villa de Etla
Alejandro Mendez Aquino No 3,Heroica Ciudad de Tlaxiaco Centro,Heroica Ciudad de Tlaxiaco
Benito Juarez Esq. Alvaro Obegon No s/n,Santa Maria del Tule,Santa Maria del Tule
Chahue No 100,Sector R,Santa Maria Huatulco
Miguel Negrete No s/n,Jamiltepec Centro,Santiago Jamiltepec
Porfirio diaz No Pte 200,Santiago Juxtlahuaca Centro,Santiago Juxtlahuaca
Pinotepa - Acapulco Km 1.5 No s/n,Aviacion,Santiago Pinotepa Nacional
22 de Marzo No 8,Santo Domingo Tehuantepec Centro,Santo Domingo Tehuantepec
Hidalgo No 22,Santo Domingo Zanatepec,Santo Domingo Zanatepec
Hidalgo No 22,Silacayoapam,Silacayopan
a Diaz Ordaz No s/n,Seccion Septima,Tlacolula de Matamoros
Progreso No 2,Zimatlan de Alvarez Centro,Zimatlan de Alvarez
Ayuntamiento No 1,La Virgen,Acajete
Guillermo Prieto No 10,Acatlan de Osorio Centro,Acatlan
2 Norte No 106,Acatzingo de Hidalgo,Acatzingo
Rafael Avila Camacho No 1,Ajalpan,Ajalpan
Plaza de la Constitucion No 1,Centro,Amozoc
Benito Juarez No 14,Cuetzalan del Progreso,Cuetzalan del Progreso
3 Poniente y Jose Ma Morelos No 1,Centro,Chalchicomula de Sesma
16 de Septiembre No 74,Chiautla de Tapia,Chiautla
Benito Juarez No 4,Chietla,Chietla
Galeana No 16,Chignahuapan,Chignahuapan
Cuauhtemoc No 11,Huauchinango Centro,Huauchinango
Carlos I Betancourt No 380,Real de Huejotzingo,Huejotzingo
Francisco Sarabia No 2,Hueytamalco,Hueytamalco
Antonio Nava Castillo No s/n,San Juan Ixcaquixtla,Ixcaquixtla
Morelos No 7,Centro,Izacar de Matamoros
5 de Mayo No 529,Libres,Libres
Portal Zaragoza No 9,Pahuatlan de Valle,Pahuatlan
9 Sur 53 Poniente No 5301,Prados Agua Azul,Puebla
4 Nte No 8,Rafael Lara Grajales,Rafael Lara Grajales
16 de Septiembre Nte No 206,Centro,San Martin Texmelucan
7 Sur No 309,Cholula de Rivadabia,San Pedro Cholula
4 Oriente No 2,San Salvador el Seco,San Salvador el Seco
3 Pte No 103,Tecamachalco Centro,Tecamachalco
Primera de Morelos y uno Ote. No 101,Centro de la Ciudad,Tehuacan
Morelos Norte No 109,Tepeaca Centro,Tepeaca
Bicentenario No 40,Teziutlan Centro,Teziutlan
Tamaulipas No 5,Tlacotepec de Benito Juarez,Tlacotepec de Benito Juarez
Revolucion Esq. Ing. Humberto Ramirez Ulloa No s/n,Tlatlauquitepec,Tlatlauquitepec
Bonifacio Valle No 115,Tulcingo de Valle,Tulcingo
16 de Septiembre No 35,Venustiano Carranza,Venustiano Carranza
Vicente Guerrero No 105,Centro,Xicotepec
Hermenegildo Galeana No 4,Zacapoaxtla,Zacapoaxtla
Benito Juarez No 1,Centro,Zacatlan
2 Poniente No 102,Zaragoza,Zaragoza
Alvaro Obregon Esq 20 de Noviembre No s/n,Cardenas Centro,Cardenas
Lerdo de Tejada No s/n,Cerritos Centro,Cerritos
Plaza Principal Edificio de Usos Multiples No s/n,Fraccion El Refugio Centro,Ciudad Fernandez
Gustavo Frits No 1,Tancanhuitz de Santos,Tancanhuitz
Pedro Antonio de los Santos No 42 - A y B,Ciudad Valles Centro,Ciudad Valles
Alhondiga No 118,Charcas Centro,Charcas
Benito Juarez No 9,20 de Noviembre,Ebano
Fco. Gonzalez Bocanegra No 102 LOC.25,Matehuala Centro,Matehuala
Hidalgo No 2,Rayon,Rayon
Patios de Ferrocarril No s/n,Rio Verde Centro,Rioverde
Francisco I. Madero No 2,Salinas de Hidalgo Centro,Salinas
"Universidad No 526-A",San Luis Potosi Centro,San Luis Potosi
Paris Local 54 y 55 Plaza Francia No s/n,Industrial Aviacion,San Luis Potosi
Santos Degollado No 1065-A,Tangamanga,San Luis Potosi
Cordillera Arakan No 606-16,Lomas 4a Seccion,San Luis Potosi
"Plaza del Maguey,Soledad de Graciano Sanchez Centro,Soledad de Graciano Sanchez
"Madero No 15",Tamazunchale Centro,Tamazunchale
Juarez No 305 A,Tamuin Centro,Tamuin
Jorge Pasquel No 300,El Naranjo,El Naranjo
Vicente Guerrero No 39,Acayucan Centro,Acayucan
Nicolas Bravo No 4-B,Altotonga Centro,Altotonga
Juan Soto Entre 5 de Mayo y Javier F. Zamudio No 1,Alvarado Centro,Alvarado
Benito Juarez No 48,Naranjos Centro,Naranjos Amatlan
"Independencia No 26",Jose Cardel Centro,La Antigua
Ejercito Nacional No 1,Gral Miguel Aleman Centro,Atoyac
Juarez No 207,Ciudad Mendoza Centro,Camerino Z. Mendoza
Cuauhtemoc No s/n,Catemaco Centro,Catemaco
Independencia No 746,Cerro Azul Campo Industrial Centro,Cerro Azul
Carranza Esq. Lerdo No 305,Coatzacoalcos Centro,Coatzacoalcos
Tres No 3,Cordoba Centro,Cordoba
Aquiles Serdan No 207,Cosamaloapan de Carpio Centro,Cosamaloapan de Carpio
Morelos No 1-B,Primero,Cosoleacaque
4 Esq. Calle 7 No s/n,Cuitlahuac Centro,Cuitlahuac
27 de Septiembre No 16,Chicontepec de Tejeda,Chicontepec
Nicolas Bravo No 423,Chinameca,Chinameca
Octavio Paz No 102,Las Choapas Centro,Las Choapas
1 Sur Entre Ave. 1 y 3 No 102-C,Fortin de las Flores Centro,Fortan
De la Rivera del Rio Entre Jose Ma. M. y P. Diaz No 28,Gutierrez Zamora Centro,Gutierrez Zamora
4 Poniente -5 No 421,Huatusco de Chicuellar Centro,Huatusco
Benito Juarez No 1,Huayacocotla Centro,Huayacocotla
16 de Septiembre No 8,Juan Diaz Covarrubias Centro,Hueyapan de Ocampo
Nicolas Bravo Norte No s/n,Isla Centro,Isla
Isabel Aguirre Solano No 8,Ixhuatlan de Madero,Ixhuatlan de Madero
Hidalgo Esq R Corona No 8,Jaltipan de Morelos Centro,Jaltipan
Ejido No 601,Juan Rodriguez Clara Centro,Juan Rodriguez Clara
Ignacio Zaragoza No 219,Martinez de La Torre,Martinez de la Torre
Miguel Hidalgo No 27,Minatitlan Centro,Minatitlan
Jose Maria Morelos No 175,Misantla,Misantla
Hidalgo No 9,Nautla,Nautla
"Oriente 2 Esquina Sur No 282",Orizaba Centro,Orizaba
Abasolo No 203,Panuco Centro,Panuco
Juan Enriquez Entre V Herrera y Priv. del Clavel No 403,Papantla Centro,Papantla
"Zaragoza No 207,Paso Del Macho Centro,Paso del Macho
FRANCISCO I. MADERO No 19,Perote,Perote
Mariano Arista No 123,Playa Vicente Centro,Playa Vicente
Adolfo Ruiz Cortinez Esq. 16 Ote. No s/n,Obrera,Poza Rica de Hidalgo
Riviera Esq. Lazaro Cardenas del Rio No s/n,Ciudad Cuauhtemoc,Pueblo Viejo
2 Ote No 22,Tenango de Rio Blanco Centro,Rio Blanco
La Fragua No 2,San Andres Tuxtla Centro,San Andres Tuxtla
IGNACIO ALLENDE No s/n,Soledad de Doblado Centro,Soledad de Doblado
"5 de Mayo No 310",Tantoyuca Centro,Tantoyuca
Abiles Esq. Magnolias No s/n,Alamo,Alamo Temapache
Aurelio Uribe de Ostos No 16,Tempoal Centro,Tempoal
Emilio de la Fuente Entre Obregon e Hgo. No 29,Venecia,Jose Azueta
De Dolores No 4,Tierra Blanca Centro,Tierra Blanca
Constitucion No 21,Piedras Negras,Tlalixcoyan
Francisco Javier Mina No 16,Tuxpan de Rodriguez Cano Centro,Tuxpan
Hidalgo Poniente No 27,Villa Zempoala,Ursulo Galvan
Vicente Guerrero No 316,Emilio Carranza,Vega de Alatorre
5 de Mayo No s/n,Veracruz Centro,Veracruz
1 Ave- 2 y 4 No 201,Yanga Centro,Yanga
Cerro Azul No 51,Agua Dulce Centro,Agua Dulce
Emiliiano Zapata No 101,3 Valles Centro,Tres Valles
Camelia No 199,Hunucma,Hunucma
Altos Palacio Mpal. No s/n,Izamal,Izamal
Ave. Perez Ponce No 224,Itzimna,Merida
Juarez No 300,Unidad Revolucion,Merida
Guerrero No 440,Las Brisas,Merida
Allende No 441,Pacabtun,Merida
Sauces No 432,Pensiones,Merida
Montes No 215,Motul de Carrillo Puerto Centro,Motul
Arrayan No 101-D,Oxkutzcab,Oxkutzcab
Esq. Rosales No 206,Peto,Peto
Melchor O. No 152,Progreso de Castro Centro,Progreso
Bajos No 134",Tekax de Alvaro Obregon,Tekax
Pal. Mpal. No 204,Ticul Centro,Ticul
Entre 48 y 50 No 400,Tizimin Centro,Tizimin
Pinos No 177,Uman,Uman
Hacienda No 194,Valladolid Centro,Valladolid
16 de Septiembre No 1,Concepcion del Oro,Concepcion del Oro
Juarez No 9,Fresnillo Centro,Fresnillo
Inglaterra No 7-A,Guadalupe Moderno,Guadalupe
Francisco I Madero Nte No 100,Jalpa Centro,Jalpa
Bizarra Capital No 37,Jerez Centro,Jerez
Guadalupe Victoria No 76,Juchipila,Juchipila
Benito Juarez Sur No 506,Loreto Centro,Loreto
"Gonzalez Ortega No 7",Nochistlan Centro,Nochistlan de Mejia
Juarez No 21,Ojocaliente Centro,Ojocaliente
Gonzalez Ortega No 60,Pinos,Pinos
Juarez No 15,Rio Grande Centro,Rio Grande
Constitucion No 40,Sombrerete Centro,Sombrerete
Aldama No 54,Tlaltenango de Sanchez Roman,Tlaltenango de Sanchez Roman
Plaza Constitucoin No 111-A,Valparaiso Centro,Valparaiso
"Hidalgo No 56",Villanueva Centro,Villanueva
Allende No 111,Zacatecas Centro,Zacatecas
Ave. 19 ,Centro,Agua Prieta
Corella Sur No 19,Ciudad Arizpe Procer,Arizpe
Martires de Cananea No 1,Banamichi,Banamichi
Manuel Morreal Duarte G.y Ave. Guillermo PereiI No s/n,Caborca Centro,Caborca
Miguel Aleman Y Zaragoza No 504,Ciudad Obregon Centro,Cajeme
2da. Oeste No s/n,Cananea Centro,Cananea
Josefa Ortiz de dominguez No 98,Empalme Centro,Empalme
Diez No 2,Guaymas Centro,Guaymas
Monterrey Esq. Pino Suarez No 86,Hermosillo Centro,Hermosillo
Escobedo No 30,San Benito,Hermosillo
Agustin Vildosola No 200,Piedra Bola (Pedregal de la Villa),Hermosillo
Lazaro Cardenas No 230,Infonavit,Hermosillo
Escobedo y Matamoros No 109,Centro,Magdalena
Juarez No 11,Moctezuma,Moctezuma
Ferrocarril No 2,Nacozari de Garcia Centro,Nacozari de Garcia
Ignacio Rayon No 106,Navojoa Centro,Navojoa
Juarez No 52,Nogales Centro,Nogales
Chiapas Y Boulevard Fremont No 3,Puerto Penasco Centro,Puerto Penasco
Hidalgo y R Meneses No 17,Centro,Sahuaripa
Obregon No 11,Cuauhtemoc,San Luis Rio Colorado
Club Rotario No 93,Ensenada Centro,Ensenada
Delegacion No s/n,Isla de Cedros,Ensenada
Zaragoza No 2035,Nueva,Mexicali
Francisco I. Madero No 491,Primera Seccion,Mexicali
Cuarta y Callejon Rio San Miguel No 2338,Gonzalez Ortega,Mexicali
5 No 199,Guadalupe Victoria,Mexicali
Mar Blanco No 187,San Felipe,Mexicali
Baja California No 124,Lic Benito Juarez,Mexicali
Ortiz Rubio Y Cajon Madero No 147,Tecate Centro,Tecate
Miguel Negrete No 2050,Zona Centro,Tijuana
Laguna Salada No 14820,San Jose del Alto,Tijuana
Acacias No 12,Rosarito Centro,Playas de Rosarito
Enrique Creel No 4,Creel,Bocoyna
Guerrero No 913-C,Ciudad Camargo Centro,Camargo
Tenochtitaln No 6002,Tierra Nueva,Cuauhtemoc
Libertad No 1700,Zona Centro,Chihuahua
Ocampo No 4411,Santa Rosa,Chihuahua
"Manuel Gonzalez Cossio No 8501",Tierra y Libertad,Chihuahua
del Parque Norte No 106,Ciudad Delicias Centro,Delicias
Libertad No 108,Gomez Farias,Gomez Farias
Ave. del Rayo Esq. Callejon Pablo Soto No 3,Hidalgo Del Parral Centro,Hidalgo del Parral
Hidalgo No 110,Ciudad Jimenez Centro,Jimenez
Lerdo Sur Esq. Ignacio de la Pena No 205,Centro,Juarez
Ignacio Zaragoza No 1358-A,Salvarcar,Juarez
Centeno No 7004,INFONAVIT Ampliacion Aeropuerto,Juarez
Independencia No 203,Nuevo Namiquipa,Namiquipa
16 de septiembre No 318,Nuevo Casas Grandes Centro,Nuevo Casas Grandes
Vicente Guerrero No 105,San Francisco del Oro,San Francisco del Oro
Costera Miguel Aleman No 315,Acapulco de Juarez Centro,Acapulco de Juarez
Francisco I. Madero No 82-A,La Sabana,Acapulco de Juarez
Hidalgo No 3 y 4,Arcelia Centro,Arcelia
Morelos No s/n,Ayutla de los Libres Centro,Ayutla de los Libres
Constitucion No 15 B,Coyuca de Benitez Centro,Coyuca de Benitez
Aldama No 21,Cuajinicuilapa Centro,Cuajinicuilapa
8 Sur No 605,Chilapa de Alvarez Centro,Chilapa de Alvarez
Teofilo Olea y Leyva No 12,Chilpancingo de los Bravos Centro,Chilpancingo de los Bravo
De la Ley No 100,Huitzuco Centro,Huitzuco de los Figueroa
Morelos No 105-D,Jacarandas,Iguala de la Independencia
Juan R. Escudero No 10,Tierra Colorada Centro,Juan R. Escudero
Dr Fidel Guillen Zamora No 1,Ometepec,Ometepec
Pungarabato Pte No 210b,Ciudad Altamirano Centro,Pungarabato
Hidalgo No 64,San Marcos Centro,San Marcos
de Los Plateros No 382 A,Taxco de Alarcon Centro,Taxco de Alarcon
Hermenegildo Galeana No s/n,Tecpan de Galeana Centro,Tecpan de Galeana
Riva Palacio No 23,Teloloapan Centro,Teloloapan
Morelos No 183,San Diego,Tlapa de Comonfort
Hidalgo No 7,Marquelia Centro,Marquelia
